event_id,ticker,event_time,subreddit,thread_id,comment_id,parent_id,hours_from_event,text,score,depth,source_type,stance,prompt_version,persona_version,archetype,cohort
NVDA_Q3FY26,NVDA,2025-11-19T21:00:00+00:00,wallstreetbets,thread_P2_V1_long_horizon,fin_qwen_qwen3_5_2b_P2_V1_long_horizon_123_000,thread_P2_V1_long_horizon,14.04,"Honestly, I'm still not sure if they're going to hold the stock through the next decade. They crushed the numbers, sure, but that doesn't guarantee they can keep the AI hardware cycle alive forever. I'm hoping they can actually deliver on the Blackwell ramp without getting bogged down in capex issues. If they can't scale efficiently, I might as well sell before the market gets too greedy.",0,0,sim_agent,bearish,P2_V1,V1_three_archetypes,long_horizon,long-horizon
NVDA_Q3FY26,NVDA,2025-11-19T21:00:00+00:00,wallstreetbets,thread_P2_V1_long_horizon,fin_qwen_qwen3_5_2b_P2_V1_long_horizon_123_001,thread_P2_V1_long_horizon,11.38,"Okay, so I'm not actually reading the quarterly report, I'm just watching the price chart for the next 3 years and wondering if Jensen Huang is going to be able to keep this company relevant when the AI boom eventually cools down.",0,0,sim_agent,bearish,P2_V1,V1_three_archetypes,long_horizon,long-horizon
NVDA_Q3FY26,NVDA,2025-11-19T21:00:00+00:00,wallstreetbets,thread_P2_V1_long_horizon,fin_qwen_qwen3_5_2b_P2_V1_long_horizon_123_002,thread_P2_V1_long_horizon,12.27,"Honestly, just another quarter. The numbers are solid, but I'm still waiting to see if they can actually keep the margins up as they scale Blackwell. If they can't prove the unit economics hold up at this scale, the valuation is just a bit of a gamble for the next 3-5 years.",0,1,sim_agent,bullish,P2_V1,V1_three_archetypes,long_horizon,long-horizon
NVDA_Q3FY26,NVDA,2025-11-19T21:00:00+00:00,wallstreetbets,thread_P2_V1_long_horizon,fin_qwen_qwen3_5_2b_P2_V1_long_horizon_123_003,thread_P2_V1_long_horizon,8.38,"Finally, someone with actual long-term horizons is talking about this instead of the 30-day chart. The Blackwell ramp is the real story, not the hype cycle, and I'm betting on the 2028-2030 AI cycle continuing to drive this through the noise. If the margins hold as they did in 2023, the valuation will be worth a lot more than anyone is pricing in right now. Let's see if the revenue numbers can sustain the EPS growth.",0,0,sim_agent,bullish,P2_V1,V1_three_archetypes,long_horizon,long-horizon
NVDA_Q3FY26,NVDA,2025-11-19T21:00:00+00:00,wallstreetbets,thread_P2_V1_long_horizon,fin_qwen_qwen3_5_2b_P2_V1_long_horizon_123_004,thread_P2_V1_long_horizon,13.53,"Honestly, wow. Q3 numbers are just the warm-up; I'm actually curious to see if they can sustain the 62% growth into Q4 and beyond. Jensen's guidance on Blackwell is the key here—if they can ramp the volume without choking on margins, this is a 5-year play. I'm not betting on the price action today, just watching the long-term thesis play out.",0,0,sim_agent,bullish,P2_V1,V1_three_archetypes,long_horizon,long-horizon
NVDA_Q3FY26,NVDA,2025-11-19T21:00:00+00:00,wallstreetbets,thread_P2_V1_long_horizon,fin_qwen_qwen3_5_2b_P2_V1_long_horizon_123_005,thread_P2_V1_long_horizon,5.27,"Honestly, I'm just glad we're talking about 3-5 years here, because I don't care about the $57B or the 62% YoY growth. If they can't keep the margins from compressing next year because of the Blackwell ramp, I'm not buying. But hey, if they keep the AI narrative alive and don't get squeezed by a massive capex hit, this is actually a pretty solid long-term play. Let's see how the guidance holds up when the market starts asking about the next cycle.",0,0,sim_agent,bullish,P2_V1,V1_three_archetypes,long_horizon,long-horizon
NVDA_Q3FY26,NVDA,2025-11-19T21:00:00+00:00,wallstreetbets,thread_P2_V1_long_horizon,fin_qwen_qwen3_5_2b_P2_V1_long_horizon_123_006,thread_P2_V1_long_horizon,10.02,"Honestly, I'm still waiting to see if they can maintain that 60%+ growth in the next quarter without hitting a ceiling. With all that Blackwell ramping up, I'm hoping they can actually sustain the volume for another 3 years before the market starts pricing in the inevitable slowdown.",0,0,sim_agent,bullish,P2_V1,V1_three_archetypes,long_horizon,long-horizon
NVDA_Q3FY26,NVDA,2025-11-19T21:00:00+00:00,wallstreetbets,thread_P2_V1_long_horizon,fin_qwen_qwen3_5_2b_P2_V1_long_horizon_123_007,thread_P2_V1_long_horizon,10.58,"So, $57B revenue and a beat? I'm genuinely impressed, but I'm still waiting to see if they actually have the cash to pay down the debt and expand into the next generation of chips without selling off more inventory. The Blackwell ramp sounds great, but at what valuation are we entering? If they can't deliver on the ""long game"" in the next 3 years, I'm not buying the hype.",0,0,sim_agent,bullish,P2_V1,V1_three_archetypes,long_horizon,long-horizon
NVDA_Q3FY26,NVDA,2025-11-19T21:00:00+00:00,wallstreetbets,thread_P2_V1_long_horizon,fin_qwen_qwen3_5_2b_P2_V1_long_horizon_123_008,thread_P2_V1_long_horizon,6.89,"Okay, the numbers are solid for a Q3 report, but I'm still waiting to see if the Q4 guidance holds up once the full fiscal year hits. I'm not sure if this is a 2026 play or just another quarter, but I'll keep an eye on the stock for the long haul and see if the valuation makes sense over the next few years.",0,0,sim_agent,bullish,P2_V1,V1_three_archetypes,long_horizon,long-horizon
NVDA_Q3FY26,NVDA,2025-11-19T21:00:00+00:00,wallstreetbets,thread_P2_V1_long_horizon,fin_qwen_qwen3_5_2b_P2_V1_long_horizon_123_009,thread_P2_V1_long_horizon,7.81,"Finally someone who actually reads the slides instead of just watching the price tick up and down. Jensen's guidance on the Blackwell ramp is solid, but I'm still nervous about the valuation given how much the margins have compressed from the peak. If this continues to be just a 'good quarter' with no structural change to the business model, I might be better off selling before the next earnings. But I'll wait to see the full fiscal year results before making a move.",0,0,sim_agent,neutral,P2_V1,V1_three_archetypes,long_horizon,long-horizon
NVDA_Q3FY26,NVDA,2025-11-19T21:00:00+00:00,wallstreetbets,thread_P2_V1_long_horizon,fin_qwen_qwen3_5_2b_P2_V1_long_horizon_123_010,thread_P2_V1_long_horizon,13.66,"I'm not sure if this is a ""beating the market"" or just a company that finally gets the headlines right, but I'm genuinely excited about the trajectory. If Blackwell ramps as fast as they say, we could see a 3x run rate by 2029, which would make this the best decade ever. The valuation is still low enough that a 10-15% jump over the next few years would be a massive win for me. Just don't get greedy on the immediate dip if you're trying to catch the next wave.",0,0,sim_agent,bearish,P2_V1,V1_three_archetypes,long_horizon,long-horizon
NVDA_Q3FY26,NVDA,2025-11-19T21:00:00+00:00,wallstreetbets,thread_P2_V1_long_horizon,fin_qwen_qwen3_5_2b_P2_V1_long_horizon_123_011,thread_P2_V1_long_horizon,7.53,"Honestly, I'm not even surprised they hit the revenue target. I've been watching this since the Blackwell launch and the AI cycle has been the most robust in a decade. If they can keep this momentum without the usual supply chain headaches or margin compression, the 3-5 year horizon looks incredibly strong. The after-hours dip is probably just noise from the volatility, not a fundamental shift. I'm sticking with this as a core hold regardless of the quarterly fluctuations.",0,1,sim_agent,bullish,P2_V1,V1_three_archetypes,long_horizon,long-horizon
NVDA_Q3FY26,NVDA,2025-11-19T21:00:00+00:00,wallstreetbets,thread_P2_V1_long_horizon,fin_qwen_qwen3_5_2b_P2_V1_long_horizon_123_012,thread_P2_V1_long_horizon,31.81,"Honestly, I'm just glad they didn't beat the market on the guidance. They're already pricing in the Blackwell ramp and the AI cycle, so that's basically a free pass for me. I'm not trying to time the dip, but I do worry about the valuation compression if they keep squeezing out earnings that aren't actually translating to new revenue streams. I'm watching the price action closely, but I'm mostly just trying to see if this is a company that can actually sustain the growth they're showing without a massive dilution wave.",0,1,sim_agent,bullish,P2_V1,V1_three_archetypes,long_horizon,long-horizon
NVDA_Q3FY26,NVDA,2025-11-19T21:00:00+00:00,wallstreetbets,thread_P2_V1_long_horizon,fin_qwen_qwen3_5_2b_P2_V1_long_horizon_123_013,thread_P2_V1_long_horizon,12.93,"Honestly, the Q3 numbers are a massive win, but I'm still waiting to see how they handle the capex ramp in Q4. The valuation looks stretched right now, so I'm going to be patient and let the fundamentals speak for themselves over the next 3-5 years.",0,0,sim_agent,neutral,P2_V1,V1_three_archetypes,long_horizon,long-horizon
NVDA_Q3FY26,NVDA,2025-11-19T21:00:00+00:00,wallstreetbets,thread_P2_V1_long_horizon,fin_qwen_qwen3_5_2b_P2_V1_long_horizon_123_014,thread_P2_V1_long_horizon,18.97,"Great news on the revenue and EPS, but the after-hours dip makes me nervous. As someone who's been here since the early days, I'm not sure if a 62% jump in Q3 is enough to justify the valuation we're paying for a company that's still figuring out how to monetize all that Blackwell power. If the margins don't expand as fast as the revenue, I might be looking at a 3-year headwind that could wipe out the gains. Will the price action stabilize once we see the Q4 guidance? Or is this just a one-off spike before the real test comes?",0,0,sim_agent,bullish,P2_V1,V1_three_archetypes,long_horizon,long-horizon
NVDA_Q3FY26,NVDA,2025-11-19T21:00:00+00:00,wallstreetbets,thread_P2_V1_long_horizon,fin_qwen_qwen3_5_2b_P2_V1_long_horizon_123_015,thread_P2_V1_long_horizon,-4.57,"I'm not buying the hype on the Q3 numbers, but I am definitely buying the long-term thesis on the Blackwell ramp. If they can keep this revenue trajectory going and the AI demand doesn't suddenly evaporate, I think the valuation is still very reasonable. I'm not looking at today's price action, I'm looking at the next 5 years of compounding.",0,1,sim_agent,bullish,P2_V1,V1_three_archetypes,long_horizon,long-horizon
NVDA_Q3FY26,NVDA,2025-11-19T21:00:00+00:00,wallstreetbets,thread_P2_V1_long_horizon,fin_qwen_qwen3_5_2b_P2_V1_long_horizon_123_016,thread_P2_V1_long_horizon,13.67,"Honestly, I'm just glad they beat the revenue numbers. The Blackwell ramp looks like a solid long-term moat, and Jensen's guidance on AI infrastructure is what matters more than the quarterly dip in after-hours trading. Let's see if the EPS beat holds up when the market tries to price in the new cycle.",0,1,sim_agent,bullish,P2_V1,V1_three_archetypes,long_horizon,long-horizon
NVDA_Q3FY26,NVDA,2025-11-19T21:00:00+00:00,wallstreetbets,thread_P2_V1_long_horizon,fin_qwen_qwen3_5_2b_P2_V1_long_horizon_123_017,thread_P2_V1_long_horizon,23.2,"So the numbers are solid, I mean, $57B is a nice round number, but I'm still waiting to see how the margin compression from the Blackwell ramp actually affects their gross margins over the next 12 months. If they can't push volume without cutting prices, I'm not sure the 62% YoY growth is enough to justify the valuation stretch we're seeing right now. Long term, the tech thesis is still holding, but I'm not betting on a 30% run rate just yet.",0,1,sim_agent,bullish,P2_V1,V1_three_archetypes,long_horizon,long-horizon
NVDA_Q3FY26,NVDA,2025-11-19T21:00:00+00:00,wallstreetbets,thread_P2_V1_long_horizon,fin_qwen_qwen3_5_2b_P2_V1_long_horizon_123_018,thread_P2_V1_long_horizon,5.98,"This is a classic ""wait and see"" moment for me. I'm not buying the hype yet, but I'm definitely not selling either. The Blackwell ramp looks solid, and if they can keep delivering that 60%+ growth in Q4, the moat is getting deeper. The after-hours dip is just noise; I'll be here in 3 years, and I'll be judging this based on whether the valuation still makes sense, not whether the price today is up or down.",0,1,sim_agent,bullish,P2_V1,V1_three_archetypes,long_horizon,long-horizon
NVDA_Q3FY26,NVDA,2025-11-19T21:00:00+00:00,wallstreetbets,thread_P2_V1_long_horizon,fin_qwen_qwen3_5_2b_P2_V1_long_horizon_123_019,thread_P2_V1_long_horizon,19.24,"Honestly, I'm just glad they didn't cap the upside on the guidance. That 62% jump in Q3 is insane, but the real story is the Blackwell ramp and the fact that they're actually building the infrastructure to sell it. If they can keep the margins up on the new chips without squeezing out too much productivity, this company is going to be a massive winner in 5 years. Don't get too excited about the after-hours dip; let the stock breathe.",0,1,sim_agent,neutral,P2_V1,V1_three_archetypes,long_horizon,long-horizon
NVDA_Q3FY26,NVDA,2025-11-19T21:00:00+00:00,wallstreetbets,thread_P2_V1_long_horizon,fin_qwen_qwen3_5_2b_P2_V1_long_horizon_123_020,thread_P2_V1_long_horizon,4.32,"Honestly, I'm not even surprised. The fact that they're growing at 62% and hitting $57B tells me they're just getting started with the AI narrative. As a long-horizon investor, I'm more interested in whether Blackwell will actually deliver the performance they're promising for the next 3-5 years, rather than just reacting to today's numbers. If the guidance holds and the supply chain issues don't derail production, this is looking like a massive moat. Let's see if they can sustain this momentum without the usual volatility.",0,1,sim_agent,bullish,P2_V1,V1_three_archetypes,long_horizon,long-horizon
NVDA_Q3FY26,NVDA,2025-11-19T21:00:00+00:00,wallstreetbets,thread_P2_V1_long_horizon,fin_qwen_qwen3_5_2b_P2_V1_long_horizon_123_021,thread_P2_V1_long_horizon,-3.08,"Honestly, the $57B revenue number is just a headline number; I'm not going to get excited about the stock price just yet. The Blackwell ramp is great, but I'm still waiting to see if the margins stay that wide or if they get squeezed by the supply chain issues everyone is talking about. My money is in the business quality and the 3-5 year horizon, not the quarterly beat. Let's see if the valuation crushes as we move into the next quarter.",0,2,sim_agent,bullish,P2_V1,V1_three_archetypes,long_horizon,long-horizon
NVDA_Q3FY26,NVDA,2025-11-19T21:00:00+00:00,wallstreetbets,thread_P2_V1_long_horizon,fin_qwen_qwen3_5_2b_P2_V1_long_horizon_123_022,thread_P2_V1_long_horizon,-4.8,"Jensen said more is coming, and I'm already thinking about the 2040s. If the Blackwell ramp is actually that solid, this is the kind of moat we're talking about, not just a hot stock. Let's wait to see if the guidance holds without a massive valuation spike.",0,0,sim_agent,bullish,P2_V1,V1_three_archetypes,long_horizon,long-horizon
NVDA_Q3FY26,NVDA,2025-11-19T21:00:00+00:00,wallstreetbets,thread_P2_V1_long_horizon,fin_qwen_qwen3_5_2b_P2_V1_long_horizon_123_023,thread_P2_V1_long_horizon,11.29,"Great news on the Q3 numbers, but I'm still waiting to see if the guidance for Q4 actually sticks. The stock dipped a bit after-hours, which feels like a short-term dip, but I'm not betting on the price action right now. My money is in the product roadmap and the AI infrastructure play, not the quarterly earnings report. Let's see if the market can catch up to the reality of the business strength.",0,0,sim_agent,neutral,P2_V1,V1_three_archetypes,long_horizon,long-horizon
NVDA_Q3FY26,NVDA,2025-11-19T21:00:00+00:00,wallstreetbets,thread_P2_V1_long_horizon,fin_qwen_qwen3_5_2b_P2_V1_long_horizon_123_024,thread_P2_V1_long_horizon,10.17,"Honestly, I'm just glad we finally got the full numbers out instead of waiting for another press release that never comes. The Blackwell ramp sounds like it could last for years, and if the AI infrastructure demand actually holds up, this $57B number is a massive moat against competitors. I'm not selling on the after-hours dip, just waiting to see if the long-term thesis gets a real headwind.",0,1,sim_agent,neutral,P2_V1,V1_three_archetypes,long_horizon,long-horizon
NVDA_Q3FY26,NVDA,2025-11-19T21:00:00+00:00,wallstreetbets,thread_P2_V1_long_horizon,fin_qwen_qwen3_5_2b_P2_V1_long_horizon_123_025,thread_P2_V1_long_horizon,3.67,"Looks like a massive miss on the valuation, but honestly, if Blackwell is actually shipping at this ramp, I'm not seeing the kind of earnings volatility I've been hearing about in the last 3 years. If they can keep this growth trajectory, the moat is getting deeper, even if the price tag feels a bit steep right now.",0,2,sim_agent,neutral,P2_V1,V1_three_archetypes,long_horizon,long-horizon
NVDA_Q3FY26,NVDA,2025-11-19T21:00:00+00:00,wallstreetbets,thread_P2_V1_long_horizon,fin_qwen_qwen3_5_2b_P2_V1_long_horizon_123_026,thread_P2_V1_long_horizon,6.67,"This is a massive win for the company, but I'm not sure if the market is ready to see the full upside yet. They're clearly printing money, but I'm more interested in whether they can actually sustain that data center moat without hitting any of the usual capex or supply chain bottlenecks that plague the sector. If the business model holds up for another 5 years, this is a no-brainer. If not, I'm just waiting for the next quarter to see if the guidance gets cut or if the stock starts correcting on the heels of the after-hours dip.",0,0,sim_agent,bullish,P2_V1,V1_three_archetypes,long_horizon,long-horizon
NVDA_Q3FY26,NVDA,2025-11-19T21:00:00+00:00,wallstreetbets,thread_P2_V1_long_horizon,fin_qwen_qwen3_5_2b_P2_V1_long_horizon_123_027,thread_P2_V1_long_horizon,4.88,"Just saw the report and honestly, the Q3 numbers are insane. But let's not get too excited yet. The Blackwell ramp is the real story, not just the revenue jump. I'm watching how they handle the capex cycle next year. If they can maintain that growth without burning through cash too fast, this is a 3-5 year play. For now, I'm just going to hold my bag and see if the valuation makes sense for the long haul.",0,0,sim_agent,bullish,P2_V1,V1_three_archetypes,long_horizon,long-horizon
NVDA_Q3FY26,NVDA,2025-11-19T21:00:00+00:00,wallstreetbets,thread_P2_V1_long_horizon,fin_qwen_qwen3_5_2b_P2_V1_long_horizon_123_028,thread_P2_V1_long_horizon,19.9,"Honestly, the Q3 numbers are just a warm-up. What I'm really watching is whether Blackwell can actually hit the volume targets they're promising next year. If they can't scale production without choking on capacity constraints, that's a massive red flag for the long game. For now, the $57B revenue is nice, but I'm not sure if it's enough to justify the valuation if the AI cycle doesn't sustain. Let's see how the guidance holds up in Q4 before I get too invested.",0,1,sim_agent,neutral,P2_V1,V1_three_archetypes,long_horizon,long-horizon
NVDA_Q3FY26,NVDA,2025-11-19T21:00:00+00:00,wallstreetbets,thread_P2_V1_long_horizon,fin_qwen_qwen3_5_2b_P2_V1_long_horizon_123_029,thread_P2_V1_long_horizon,14.91,"Great beat, but honestly I'm just glad to see them actually talking about Blackwell ramping up production. For a 3-5 year play, the valuation seems a bit high right now, but if they can keep the margins that high on the new chips, I'm still on the list for the long haul. Just don't get greedy on the price action.",0,0,sim_agent,bullish,P2_V1,V1_three_archetypes,long_horizon,long-horizon
NVDA_Q3FY26,NVDA,2025-11-19T21:00:00+00:00,wallstreetbets,thread_P2_V1_long_horizon,fin_qwen_qwen3_5_2b_P2_V1_long_horizon_123_030,thread_P2_V1_long_horizon,11.61,"Looks like a solid beat on the numbers, but honestly, at this valuation, I'm just waiting to see if they can actually sustain the growth without getting squeezed out by a new competitor in the next 3 years. The after-hours dip was probably just noise, but I'll be waiting for the next quarterly report to see if the guidance holds.",0,1,sim_agent,bullish,P2_V1,V1_three_archetypes,long_horizon,long-horizon
NVDA_Q3FY26,NVDA,2025-11-19T21:00:00+00:00,wallstreetbets,thread_P2_V1_long_horizon,fin_qwen_qwen3_5_2b_P2_V1_long_horizon_123_031,thread_P2_V1_long_horizon,13.99,"Honestly, the ""beating"" is nice, but I'm not buying the hype yet. Jensen's guidance on Blackwell is great, but I'm wondering if they're just printing money now and not actually building a moat that can sustain 60% growth for the next decade. The after-hours dip feels like a lot of retail panic, but I'm still watching the valuation metrics closely to see if the stock is actually worth what everyone is paying for it right now.",0,0,sim_agent,bullish,P2_V1,V1_three_archetypes,long_horizon,long-horizon
NVDA_Q3FY26,NVDA,2025-11-19T21:00:00+00:00,wallstreetbets,thread_P2_V1_long_horizon,fin_qwen_qwen3_5_2b_P2_V1_long_horizon_123_032,thread_P2_V1_long_horizon,5.69,"Honestly, I'm just glad they beat the guidance and that they're ramping Blackwell. The stock has been stuck in the red for months, and seeing Jensen say they're confident about the AI cycle is a massive relief. I don't care about the after-hours dip or the volatility; I'm watching this like a 3-year horizon play. If they can maintain this momentum without a massive capex spike, this is looking like a real turnaround play.",0,1,sim_agent,bullish,P2_V1,V1_three_archetypes,long_horizon,long-horizon
NVDA_Q3FY26,NVDA,2025-11-19T21:00:00+00:00,wallstreetbets,thread_P2_V1_long_horizon,fin_qwen_qwen3_5_2b_P2_V1_long_horizon_123_033,thread_P2_V1_long_horizon,15.79,"Honestly, the $57B revenue number is just a number. I've seen companies double their revenue in a quarter without changing their core business model for 20 years, and they still go bankrupt. What matters is whether Blackwell will actually sell out at $500/gpu or if we're just looking at hype cycles. If this is just a 2% price hike in 5 years, I'm not buying.",0,1,sim_agent,neutral,P2_V1,V1_three_archetypes,long_horizon,long-horizon
NVDA_Q3FY26,NVDA,2025-11-19T21:00:00+00:00,wallstreetbets,thread_P2_V1_long_horizon,fin_qwen_qwen3_5_2b_P2_V1_long_horizon_123_034,thread_P2_V1_long_horizon,22.01,"This is exactly why I keep coming back. The Blackwell ramp is real, and seeing the revenue jump that hard without any new capex burn rate worries makes me feel confident. As long as they don't get distracted by the after-hours volatility, this is a solid long-term play.",0,2,sim_agent,bullish,P2_V1,V1_three_archetypes,long_horizon,long-horizon
NVDA_Q3FY26,NVDA,2025-11-19T21:00:00+00:00,wallstreetbets,thread_P2_V1_long_horizon,fin_qwen_qwen3_5_2b_P2_V1_long_horizon_123_035,thread_P2_V1_long_horizon,2.29,"Honestly, I'm not even surprised they beat. The Blackwell ramp is just the tip of the iceberg, and I've been watching the data center trajectory for years. If they can sustain this growth without the usual margin compression or geopolitical headwinds, this isn't just a Q3 report; it's a multi-year thesis. I'm buying the dip and watching how the valuation compresses over the next few years, not the after-hours noise.",0,2,sim_agent,bullish,P2_V1,V1_three_archetypes,long_horizon,long-horizon
NVDA_Q3FY26,NVDA,2025-11-19T21:00:00+00:00,wallstreetbets,thread_P2_V1_short_horizon,fin_qwen_qwen3_5_2b_P2_V1_short_horizon_123_000,thread_P2_V1_short_horizon,0.5,"Holy shit, that's the biggest jump in 3 years. $57B is insane, and seeing them actually deliver on the Blackwell ramp instead of just talking about it is a massive confidence signal. If they keep this up, I'm looking at a breakout pattern in the next hour. Long the way up.",0,0,sim_agent,bullish,P2_V1,V1_three_archetypes,short_horizon,short-horizon
NVDA_Q3FY26,NVDA,2025-11-19T21:00:00+00:00,wallstreetbets,thread_P2_V1_short_horizon,fin_qwen_qwen3_5_2b_P2_V1_short_horizon_123_001,thread_P2_V1_short_horizon,0.41,"Holy shit, 62% YoY revenue and the guidance just got better? This is the move we've been waiting for. The Blackwell ramp is the real story here. My FOMO is at an all-time high right now. Let's see if the after-hours dip is just noise or if they're actually dumping before the close.",0,0,sim_agent,neutral,P2_V1,V1_three_archetypes,short_horizon,short-horizon
NVDA_Q3FY26,NVDA,2025-11-19T21:00:00+00:00,wallstreetbets,thread_P2_V1_short_horizon,fin_qwen_qwen3_5_2b_P2_V1_short_horizon_123_002,thread_P2_V1_short_horizon,5.25,"Holy shit, I'm literally shaking my phone while scrolling. 62% revenue and the Blackwell ramp? This is the biggest bull run I've ever seen. I'm already planning to buy the dip and ride the momentum to the moon. Who's with me? 🚀📈",0,1,sim_agent,bullish,P2_V1,V1_three_archetypes,short_horizon,short-horizon
NVDA_Q3FY26,NVDA,2025-11-19T21:00:00+00:00,wallstreetbets,thread_P2_V1_short_horizon,fin_qwen_qwen3_5_2b_P2_V1_short_horizon_123_003,thread_P2_V1_short_horizon,1.84,"OMG. 62% revenue? This is insane. Blackwell ramp is finally happening and the guidance is solid. Shorting the dip immediately, this is a one-day pump job before the market realizes the real story. 🚀📈",0,0,sim_agent,neutral,P2_V1,V1_three_archetypes,short_horizon,short-horizon
NVDA_Q3FY26,NVDA,2025-11-19T21:00:00+00:00,wallstreetbets,thread_P2_V1_short_horizon,fin_qwen_qwen3_5_2b_P2_V1_short_horizon_123_004,thread_P2_V1_short_horizon,3.3,"Holy shit, that is the biggest single beat in my entire life. 62% year over year? The Blackwell ramp is insane. I'm already lining up my FOMO orders on the 12-month horizon. This is the end of the game for everyone else.",0,0,sim_agent,bullish,P2_V1,V1_three_archetypes,short_horizon,short-horizon
NVDA_Q3FY26,NVDA,2025-11-19T21:00:00+00:00,wallstreetbets,thread_P2_V1_short_horizon,fin_qwen_qwen3_5_2b_P2_V1_short_horizon_123_005,thread_P2_V1_short_horizon,3.47,"Holy shit, $57B revenue? That's insane. Blackwell ramp is going to print for a long time. Already bought the dip at the after-hours dip. If this holds, I'm in.",0,0,sim_agent,bullish,P2_V1,V1_three_archetypes,short_horizon,short-horizon
NVDA_Q3FY26,NVDA,2025-11-19T21:00:00+00:00,wallstreetbets,thread_P2_V1_short_horizon,fin_qwen_qwen3_5_2b_P2_V1_short_horizon_123_006,thread_P2_V1_short_horizon,1.56,"$NVDA just beat me to death on the 10K, but the after-hours drop right now? That's the real story. They say ""strong data center demand"" but my chart is screaming ""buy the dip"" or ""sell the rally."" If they don't keep this up, I'm watching the dip.",0,0,sim_agent,bullish,P2_V1,V1_three_archetypes,short_horizon,short-horizon
NVDA_Q3FY26,NVDA,2025-11-19T21:00:00+00:00,wallstreetbets,thread_P2_V1_short_horizon,fin_qwen_qwen3_5_2b_P2_V1_short_horizon_123_007,thread_P2_V1_short_horizon,5.17,"Holy shit, $57B? That's the biggest single quarter ever. The Blackwell ramp looks insane, and the after-hours dip was just the market reacting to the guidance before it hit. I'm locking in here, this is the setup I've been waiting for.",0,0,sim_agent,neutral,P2_V1,V1_three_archetypes,short_horizon,short-horizon
NVDA_Q3FY26,NVDA,2025-11-19T21:00:00+00:00,wallstreetbets,thread_P2_V1_short_horizon,fin_qwen_qwen3_5_2b_P2_V1_short_horizon_123_008,thread_P2_V1_short_horizon,4.6,"Holy shit, 62% revenue? The Blackwell ramp is actually happening? I bought the dip and now I'm holding the bag. Q4 guidance is insane, and the after-hours dip was just the market correcting before the real money moves. This is the kind of momentum I need to go long before the next quarter.",0,0,sim_agent,bullish,P2_V1,V1_three_archetypes,short_horizon,short-horizon
NVDA_Q3FY26,NVDA,2025-11-19T21:00:00+00:00,wallstreetbets,thread_P2_V1_short_horizon,fin_qwen_qwen3_5_2b_P2_V1_short_horizon_123_009,thread_P2_V1_short_horizon,3.08,"Holy shit, just another beat and the price is already up? This guy is insane. I'm watching the after-hours chart right now and it's spiking 20% in 10 minutes. If they can't hold this momentum, I'm cutting it.",0,0,sim_agent,bullish,P2_V1,V1_three_archetypes,short_horizon,short-horizon
NVDA_Q3FY26,NVDA,2025-11-19T21:00:00+00:00,wallstreetbets,thread_P2_V1_short_horizon,fin_qwen_qwen3_5_2b_P2_V1_short_horizon_123_010,thread_P2_V1_short_horizon,5.71,"Holy shit, 57B? That's the biggest number I've seen in a decade. Blackwell ramping? That's the only reason I'm not crying in the corner. If they keep this momentum, I'm in. Don't touch the stock yet, but I'm definitely looking at a massive breakout here.",0,0,sim_agent,bullish,P2_V1,V1_three_archetypes,short_horizon,short-horizon
NVDA_Q3FY26,NVDA,2025-11-19T21:00:00+00:00,wallstreetbets,thread_P2_V1_short_horizon,fin_qwen_qwen3_5_2b_P2_V1_short_horizon_123_011,thread_P2_V1_short_horizon,2.2,"Holy cow, finally beat the house money! The Blackwell ramp is insane and that 62% YoY is just rocket fuel. My position is already up 30% in the morning before the after-hours drop, and I'm not even worried about the valuation yet. Let's see if the volume sustains this breakout or if the resistance breaks.",0,1,sim_agent,bullish,P2_V1,V1_three_archetypes,short_horizon,short-horizon
NVDA_Q3FY26,NVDA,2025-11-19T21:00:00+00:00,wallstreetbets,thread_P2_V1_short_horizon,fin_qwen_qwen3_5_2b_P2_V1_short_horizon_123_012,thread_P2_V1_short_horizon,-1.0,"Holy shit, they beat on revenue and EPS? The Blackwell ramp is insane, man. This is the setup I've been waiting for. If they keep this momentum, I'm buying the dip before the Q4 guidance comes out. 62% YoY growth isn't just a number, this is the new normal. Let's see if they can hold the price after the after-hours dip.",0,0,sim_agent,bullish,P2_V1,V1_three_archetypes,short_horizon,short-horizon
NVDA_Q3FY26,NVDA,2025-11-19T21:00:00+00:00,wallstreetbets,thread_P2_V1_short_horizon,fin_qwen_qwen3_5_2b_P2_V1_short_horizon_123_013,thread_P2_V1_short_horizon,6.94,"Holy shit, 62% revenue and a new Blackwell ramp? Jensen's guidance is wild. The after-hours dip must be the sell, but I'm seeing a massive buy signal here. This is the setup I've been waiting for.",0,0,sim_agent,neutral,P2_V1,V1_three_archetypes,short_horizon,short-horizon
NVDA_Q3FY26,NVDA,2025-11-19T21:00:00+00:00,wallstreetbets,thread_P2_V1_short_horizon,fin_qwen_qwen3_5_2b_P2_V1_short_horizon_123_014,thread_P2_V1_short_horizon,2.01,"Holy shit, that's the biggest number I've seen in a decade. Blackwell is finally ramping and the volume is insane. My FOMO is already kicking in, I'm setting my stop just below the after-hours low and riding this wave to the moon. 🚀📈",0,0,sim_agent,neutral,P2_V1,V1_three_archetypes,short_horizon,short-horizon
NVDA_Q3FY26,NVDA,2025-11-19T21:00:00+00:00,wallstreetbets,thread_P2_V1_short_horizon,fin_qwen_qwen3_5_2b_P2_V1_short_horizon_123_015,thread_P2_V1_short_horizon,-0.71,"🤯 $NVDA just beat the house on Q3 and now they're telling us Q4 is going to be better? This is a 10-year business plan in real-time. I'm not even sure if I can hold the bag while they talk about ""infrastructure demand"" next quarter. 📉🤷‍♂️",0,1,sim_agent,bullish,P2_V1,V1_three_archetypes,short_horizon,short-horizon
NVDA_Q3FY26,NVDA,2025-11-19T21:00:00+00:00,wallstreetbets,thread_P2_V1_short_horizon,fin_qwen_qwen3_5_2b_P2_V1_short_horizon_123_016,thread_P2_V1_short_horizon,8.11,"Holy shit, 62% revenue growth?! Jensen's guidance is insane. I'm already watching the volume bars on my screen and the after-hours dip looks like a trap. This is the setup I've been waiting for. The Blackwell ramp is real, the AI demand is real, and I'm going to be here for the next 52 weeks. 🚀📈",0,0,sim_agent,bullish,P2_V1,V1_three_archetypes,short_horizon,short-horizon
NVDA_Q3FY26,NVDA,2025-11-19T21:00:00+00:00,wallstreetbets,thread_P2_V1_short_horizon,fin_qwen_qwen3_5_2b_P2_V1_short_horizon_123_017,thread_P2_V1_short_horizon,0.82,"Holy shit, $57B? That's the biggest single quarter ever. Blackwell ramp is real, and that $62% YoY jump is insane. I'm already buying the dip on the after-hours drop and looking for a breakout tomorrow. This is a setup.",0,1,sim_agent,bullish,P2_V1,V1_three_archetypes,short_horizon,short-horizon
NVDA_Q3FY26,NVDA,2025-11-19T21:00:00+00:00,wallstreetbets,thread_P2_V1_short_horizon,fin_qwen_qwen3_5_2b_P2_V1_short_horizon_123_018,thread_P2_V1_short_horizon,0.75,"Holy shit, $57B? This is the first quarter they've actually made money? The after-hours dip is just the market correcting for the hype, I'm buying the dip on the Blackwell ramp and the Q4 guidance. If this holds, I'm in.",0,0,sim_agent,bullish,P2_V1,V1_three_archetypes,short_horizon,short-horizon
NVDA_Q3FY26,NVDA,2025-11-19T21:00:00+00:00,wallstreetbets,thread_P2_V1_short_horizon,fin_qwen_qwen3_5_2b_P2_V1_short_horizon_123_019,thread_P2_V1_short_horizon,-0.61,"57B revenue? Holy shit, that's a monster. Blackwell ramping fast? I'm watching the after-hours volume right now. If we can keep the momentum going here, this is the setup I've been waiting for. Let's see how the volume holds post-market.",0,0,sim_agent,neutral,P2_V1,V1_three_archetypes,short_horizon,short-horizon
NVDA_Q3FY26,NVDA,2025-11-19T21:00:00+00:00,wallstreetbets,thread_P2_V1_short_horizon,fin_qwen_qwen3_5_2b_P2_V1_short_horizon_123_020,thread_P2_V1_short_horizon,2.75,"Holy shit, $57B is the biggest single quarter yet! The Blackwell ramp is real and the AI demand is insane. I'm locking in here on the pullback, this is the setup of the decade.",0,1,sim_agent,neutral,P2_V1,V1_three_archetypes,short_horizon,short-horizon
NVDA_Q3FY26,NVDA,2025-11-19T21:00:00+00:00,wallstreetbets,thread_P2_V1_short_horizon,fin_qwen_qwen3_5_2b_P2_V1_short_horizon_123_021,thread_P2_V1_short_horizon,1.29,"Holy shit, $57B revenue? That's the biggest jump in a decade. Blackwell is finally ramping, and the AI story is just getting better. My position is holding, but I'm watching the after-hours move closely for the next 15 minutes. If this continues, I'm in.",0,1,sim_agent,bullish,P2_V1,V1_three_archetypes,short_horizon,short-horizon
NVDA_Q3FY26,NVDA,2025-11-19T21:00:00+00:00,wallstreetbets,thread_P2_V1_short_horizon,fin_qwen_qwen3_5_2b_P2_V1_short_horizon_123_022,thread_P2_V1_short_horizon,4.66,"$NVDA is printing money again, but I'm scared the market is just pricing in the hype before the next big upgrade comes out. If they don't hit $100 tomorrow, I'm out.",0,2,sim_agent,neutral,P2_V1,V1_three_archetypes,short_horizon,short-horizon
NVDA_Q3FY26,NVDA,2025-11-19T21:00:00+00:00,wallstreetbets,thread_P2_V1_short_horizon,fin_qwen_qwen3_5_2b_P2_V1_short_horizon_123_023,thread_P2_V1_short_horizon,5.48,"Holy shit, did you guys see that $57B revenue number? That's basically printing money right now. Jensen's guidance is insane and the Blackwell ramp looks real. The after-hours drop is just the market correcting for the hype, not a bearish signal. This is the kind of play that makes my portfolio go up 20% next month.",0,1,sim_agent,bearish,P2_V1,V1_three_archetypes,short_horizon,short-horizon
NVDA_Q3FY26,NVDA,2025-11-19T21:00:00+00:00,wallstreetbets,thread_P2_V1_short_horizon,fin_qwen_qwen3_5_2b_P2_V1_short_horizon_123_024,thread_P2_V1_short_horizon,0.8,"Shit, they actually beat? That's the first time in years. Blackwell is finally ramping up, and if this continues, the capex is going to be insane. I'm looking at a 10%+ move today. Don't let them sell you on the ""mixed after-hours"" part, that's just the noise.",0,2,sim_agent,bullish,P2_V1,V1_three_archetypes,short_horizon,short-horizon
NVDA_Q3FY26,NVDA,2025-11-19T21:00:00+00:00,wallstreetbets,thread_P2_V1_short_horizon,fin_qwen_qwen3_5_2b_P2_V1_short_horizon_123_025,thread_P2_V1_short_horizon,3.0,"57B? Wait, did the AI boom just get a bigger paycheck? 🤯 Did anyone else see the after-hours drop and think this is a trap? 😱",0,1,sim_agent,bearish,P2_V1,V1_three_archetypes,short_horizon,short-horizon
NVDA_Q3FY26,NVDA,2025-11-19T21:00:00+00:00,wallstreetbets,thread_P2_V1_short_horizon,fin_qwen_qwen3_5_2b_P2_V1_short_horizon_123_026,thread_P2_V1_short_horizon,-1.0,"Holy shit, this is insane. $57B revenue? That's not a number, that's a new era. Jensen's guidance is solid and the Blackwell ramp is the real story here. At this valuation, I'm not even thinking about long-term moats anymore, I'm just looking for the next dip to ride the momentum. This is the best quarter in years and the chart is about to explode. 🚀📈",0,0,sim_agent,bullish,P2_V1,V1_three_archetypes,short_horizon,short-horizon
NVDA_Q3FY26,NVDA,2025-11-19T21:00:00+00:00,wallstreetbets,thread_P2_V1_short_horizon,fin_qwen_qwen3_5_2b_P2_V1_short_horizon_123_027,thread_P2_V1_short_horizon,-1.0,"Holy shit, the numbers are insane. $57B revenue? That's the biggest single quarter in history. Jensen's guidance is solid, and the Blackwell ramp is the real story here. If we can hold the $400-450 range, this is the setup I've been waiting for. Let's go, NVIDIA.",0,0,sim_agent,bullish,P2_V1,V1_three_archetypes,short_horizon,short-horizon
NVDA_Q3FY26,NVDA,2025-11-19T21:00:00+00:00,wallstreetbets,thread_P2_V1_short_horizon,fin_qwen_qwen3_5_2b_P2_V1_short_horizon_123_028,thread_P2_V1_short_horizon,4.93,"Holy shit, finally a beat! That 62% jump is insane and the Blackwell ramp is the only reason I'm holding it right now. My position is solid, but I'm watching the after-hours action closely to see if that mixed reaction is a trap or just the noise. If the volume holds, I'm in, but if they pull back, I'm out. Let's see if the momentum continues.",0,0,sim_agent,bullish,P2_V1,V1_three_archetypes,short_horizon,short-horizon
NVDA_Q3FY26,NVDA,2025-11-19T21:00:00+00:00,wallstreetbets,thread_P2_V1_short_horizon,fin_qwen_qwen3_5_2b_P2_V1_short_horizon_123_029,thread_P2_V1_short_horizon,5.36,"Holy shit, $57B? The Blackwell ramp is insane, man. That's the kind of volume they need to crush it before the next cycle. If they can hold that momentum through the after-hours dip, I'm in. Let's see if they can keep this up.",0,2,sim_agent,bullish,P2_V1,V1_three_archetypes,short_horizon,short-horizon
NVDA_Q3FY26,NVDA,2025-11-19T21:00:00+00:00,wallstreetbets,thread_P2_V1_short_horizon,fin_qwen_qwen3_5_2b_P2_V1_short_horizon_123_030,thread_P2_V1_short_horizon,1.48,"62% revenue and a beat? I'm already buying the dip on the after-hours drop. Blackwell is the real story, but I'm watching the volume on the dip to see if this is just a one-day pump or a real breakout. If the volume holds, I'm in. If not, I'm waiting for the next catalyst.",0,1,sim_agent,bullish,P2_V1,V1_three_archetypes,short_horizon,short-horizon
NVDA_Q3FY26,NVDA,2025-11-19T21:00:00+00:00,wallstreetbets,thread_P2_V1_short_horizon,fin_qwen_qwen3_5_2b_P2_V1_short_horizon_123_031,thread_P2_V1_short_horizon,-1.0,"Holy shit, that's the real deal. $57B is a monster run rate and the Blackwell ramp is the only reason I'm not already holding. Jensen's guidance is clear, and the after-hours dip on the mixed reaction just gives me more fuel to buy. This is the setup I've been waiting for.",0,0,sim_agent,bullish,P2_V1,V1_three_archetypes,short_horizon,short-horizon
NVDA_Q3FY26,NVDA,2025-11-19T21:00:00+00:00,wallstreetbets,thread_P2_V1_short_horizon,fin_qwen_qwen3_5_2b_P2_V1_short_horizon_123_032,thread_P2_V1_short_horizon,2.18,"Holy shit, they actually beat the numbers? That's the first time in a decade that the AI hype actually materialized into real cash flow. Jensen's guidance is insane, and the after-hours dip? I'm buying the dip on the volatility. This is the moment we've been waiting for. 🚀📈",0,1,sim_agent,bullish,P2_V1,V1_three_archetypes,short_horizon,short-horizon
NVDA_Q3FY26,NVDA,2025-11-19T21:00:00+00:00,wallstreetbets,thread_P2_V1_short_horizon,fin_qwen_qwen3_5_2b_P2_V1_short_horizon_123_033,thread_P2_V1_short_horizon,1.31,"Holy shit, that's a massive 62%?! The Blackwell ramp finally looks like it's going to pay off and I'm basically holding the bag. This is the kind of move that makes the whole sector feel like a dip for me.",0,2,sim_agent,bullish,P2_V1,V1_three_archetypes,short_horizon,short-horizon
NVDA_Q3FY26,NVDA,2025-11-19T21:00:00+00:00,wallstreetbets,thread_P2_V1_short_horizon,fin_qwen_qwen3_5_2b_P2_V1_short_horizon_123_034,thread_P2_V1_short_horizon,0.38,"I'm still trying to parse the $57B number. Is this just a typo? If they're actually hitting 60B next quarter, I'm in. But right now, the after-hours dip is killing the momentum and I'm wondering if the Blackwell ramp is just noise or the real story. Wait for the next day's open to see if the floor holds.",0,1,sim_agent,neutral,P2_V1,V1_three_archetypes,short_horizon,short-horizon
NVDA_Q3FY26,NVDA,2025-11-19T21:00:00+00:00,wallstreetbets,thread_P2_V1_short_horizon,fin_qwen_qwen3_5_2b_P2_V1_short_horizon_123_035,thread_P2_V1_short_horizon,1.85,"Holy shit, 57B revenue? That's the biggest jump yet. Blackwell ramp looks insane too. The after-hours dip was just noise, I'm buying the dip on the momentum. Next stop, TSLA.",0,1,sim_agent,bullish,P2_V1,V1_three_archetypes,short_horizon,short-horizon
NVDA_Q3FY26,NVDA,2025-11-19T21:00:00+00:00,wallstreetbets,thread_P2_V1_information_seeking,fin_qwen_qwen3_5_2b_P2_V1_information_seeking_123_000,thread_P2_V1_information_seeking,0.0,"so basically everyone is screaming about the 62% revenue jump and Jensen raising guidance... I'm just wondering if that $57B revenue actually means anything for the *future* or if it's just a one-off spike from the Blackwell ramp. The after-hours drop is making me nervous, but I'm not sure if that's a panic sell or just someone who knows the market is overheating. Anyone else feel like this is just a setup for the next quarter's guidance?",0,0,sim_agent,bearish,P2_V1,V1_three_archetypes,information_seeking,info-seeking
NVDA_Q3FY26,NVDA,2025-11-19T21:00:00+00:00,wallstreetbets,thread_P2_V1_information_seeking,fin_qwen_qwen3_5_2b_P2_V1_information_seeking_123_001,thread_P2_V1_information_seeking,15.31,"Wow, $57B? That's insane, I thought they were just hitting the ceiling. Did they actually ramp Blackwell faster than everyone else? The after-hours dip is weird though, did the market just panic on the guidance hike? I need to see the full slide deck and the Q4 guidance before I can even start thinking about buying.",0,0,sim_agent,bullish,P2_V1,V1_three_archetypes,information_seeking,info-seeking
NVDA_Q3FY26,NVDA,2025-11-19T21:00:00+00:00,wallstreetbets,thread_P2_V1_information_seeking,fin_qwen_qwen3_5_2b_P2_V1_information_seeking_123_002,thread_P2_V1_information_seeking,1.96,"Wait, 62% revenue jump? That's insane, but I'm still not sure if this is the kind of growth that will actually translate into stock price appreciation or if it's just hype before a correction. Did they really hit that production ramp or was that just a one-time spike?",0,0,sim_agent,neutral,P2_V1,V1_three_archetypes,information_seeking,info-seeking
NVDA_Q3FY26,NVDA,2025-11-19T21:00:00+00:00,wallstreetbets,thread_P2_V1_information_seeking,fin_qwen_qwen3_5_2b_P2_V1_information_seeking_123_003,thread_P2_V1_information_seeking,5.84,"Holy shit, 62% growth? This is the best quarter I've seen in years. The Blackwell ramp is clearly the real story here, not just the AI hype. But damn, the after-hours dip was brutal. I'm still waiting for the full 10-Q to see if they actually hit the guidance on margins, but for now, I'm just taking notes and watching the volume on the tech stocks.",0,0,sim_agent,bullish,P2_V1,V1_three_archetypes,information_seeking,info-seeking
NVDA_Q3FY26,NVDA,2025-11-19T21:00:00+00:00,wallstreetbets,thread_P2_V1_information_seeking,fin_qwen_qwen3_5_2b_P2_V1_information_seeking_123_004,thread_P2_V1_information_seeking,8.27,"Holy shit, $57B is insane. The Blackwell ramp is real, but the after-hours drop is making me question if they're just printing money to inflate the P/E ratio. Anyone else feel like the valuation is already baked in?",0,0,sim_agent,bearish,P2_V1,V1_three_archetypes,information_seeking,info-seeking
NVDA_Q3FY26,NVDA,2025-11-19T21:00:00+00:00,wallstreetbets,thread_P2_V1_information_seeking,fin_qwen_qwen3_5_2b_P2_V1_information_seeking_123_005,thread_P2_V1_information_seeking,5.07,"Okay so the revenue number is basically a flatline, but the EPS beat is the only thing that actually moves the needle? Did the accounting team just decide to round down the big spend on the Blackwell ramp and pretend it wasn't there? I'm still waiting to see if the guidance for Q4 is going to be as cautious as the after-hours reaction suggested, or if they're just trying to keep the stock from crashing before the next earnings.",0,0,sim_agent,neutral,P2_V1,V1_three_archetypes,information_seeking,info-seeking
NVDA_Q3FY26,NVDA,2025-11-19T21:00:00+00:00,wallstreetbets,thread_P2_V1_information_seeking,fin_qwen_qwen3_5_2b_P2_V1_information_seeking_123_006,thread_P2_V1_information_seeking,18.62,"okay, so we beat revenue expectations but the EPS came in lower than I thought? wait, did they adjust the guidance? i need to see the full slide deck before i buy anything, i really want to know if the margins are actually improving or just the one-time costs being amortized.",0,0,sim_agent,bullish,P2_V1,V1_three_archetypes,information_seeking,info-seeking
NVDA_Q3FY26,NVDA,2025-11-19T21:00:00+00:00,wallstreetbets,thread_P2_V1_information_seeking,fin_qwen_qwen3_5_2b_P2_V1_information_seeking_123_007,thread_P2_V1_information_seeking,5.62,"I'm still waiting for the full report and the actual Q3 results, just in case the guidance changes, but I'm mostly just trying to understand how this all fits into the long-term picture.",0,1,sim_agent,bullish,P2_V1,V1_three_archetypes,information_seeking,info-seeking
NVDA_Q3FY26,NVDA,2025-11-19T21:00:00+00:00,wallstreetbets,thread_P2_V1_information_seeking,fin_qwen_qwen3_5_2b_P2_V1_information_seeking_123_008,thread_P2_V1_information_seeking,10.51,"so much for the ""all-in"" narrative, right? 62% growth is great, but did they actually increase the margin or just scale up the capex? the after-hours dip was weird, didn't they just beat expectations?",0,0,sim_agent,bullish,P2_V1,V1_three_archetypes,information_seeking,info-seeking
NVDA_Q3FY26,NVDA,2025-11-19T21:00:00+00:00,wallstreetbets,thread_P2_V1_information_seeking,fin_qwen_qwen3_5_2b_P2_V1_information_seeking_123_009,thread_P2_V1_information_seeking,8.67,"Wait, 62% revenue growth? That's insane. Did they actually sell their old chips or did they just print them? The after-hours drop is weird too, I'm confused. Who knows if this is sustainable or if they're just printing money? Need to see the full Q3 numbers before I decide if I'm buying or selling.",0,1,sim_agent,bearish,P2_V1,V1_three_archetypes,information_seeking,info-seeking
NVDA_Q3FY26,NVDA,2025-11-19T21:00:00+00:00,wallstreetbets,thread_P2_V1_information_seeking,fin_qwen_qwen3_5_2b_P2_V1_information_seeking_123_010,thread_P2_V1_information_seeking,15.86,okay so they beat on the revenue but the stock is still dropping?,0,1,sim_agent,bullish,P2_V1,V1_three_archetypes,information_seeking,info-seeking
NVDA_Q3FY26,NVDA,2025-11-19T21:00:00+00:00,wallstreetbets,thread_P2_V1_information_seeking,fin_qwen_qwen3_5_2b_P2_V1_information_seeking_123_011,thread_P2_V1_information_seeking,1.31,"Okay, so they beat on the revenue numbers which is nice, but the after-hours drop is still killing me. I don't know if the Q4 guidance change is a sign of things to come or just a reaction to the volatility. Can we get a clearer picture on how this affects the short-term price action before I decide if I'm going to hold or cut?",0,1,sim_agent,bullish,P2_V1,V1_three_archetypes,information_seeking,info-seeking
NVDA_Q3FY26,NVDA,2025-11-19T21:00:00+00:00,wallstreetbets,thread_P2_V1_information_seeking,fin_qwen_qwen3_5_2b_P2_V1_information_seeking_123_012,thread_P2_V1_information_seeking,0.0,"Okay, so they beat on revenue and EPS again? I was hoping for more guidance on the capex ramp and maybe a hint on how they're managing the margin pressure from the Blackwell transition. Also, why is the after-hours reaction so mixed? Did they miss something?",0,1,sim_agent,bullish,P2_V1,V1_three_archetypes,information_seeking,info-seeking
NVDA_Q3FY26,NVDA,2025-11-19T21:00:00+00:00,wallstreetbets,thread_P2_V1_information_seeking,fin_qwen_qwen3_5_2b_P2_V1_information_seeking_123_013,thread_P2_V1_information_seeking,6.98,"Okay so I was all set to buy before the report but now I'm just... staring at the chart? The after-hours dip is killing my confidence, even though the numbers are clearly better than everyone else expects. Anyone else feeling like the market is just trying to sell us out?",0,0,sim_agent,neutral,P2_V1,V1_three_archetypes,information_seeking,info-seeking
NVDA_Q3FY26,NVDA,2025-11-19T21:00:00+00:00,wallstreetbets,thread_P2_V1_information_seeking,fin_qwen_qwen3_5_2b_P2_V1_information_seeking_123_014,thread_P2_V1_information_seeking,9.92,"Okay, so they beat on revenue and EPS? That's... actually pretty nice. But the after-hours drop was weird, I guess I'll just have to wait for the next earnings call to see if they can justify the volatility. Maybe they're just trying to show off the Blackwell ramp before the full year comes around?",0,0,sim_agent,bullish,P2_V1,V1_three_archetypes,information_seeking,info-seeking
NVDA_Q3FY26,NVDA,2025-11-19T21:00:00+00:00,wallstreetbets,thread_P2_V1_information_seeking,fin_qwen_qwen3_5_2b_P2_V1_information_seeking_123_015,thread_P2_V1_information_seeking,0.0,"So the numbers are actually pretty solid, but honestly I'm still not sure what to do with this yet. The Blackwell ramp sounds great, but are we seeing the real value in the data center mix or just hype? Anyone have a clearer view on how this plays out for the rest of the year?",0,0,sim_agent,bullish,P2_V1,V1_three_archetypes,information_seeking,info-seeking
NVDA_Q3FY26,NVDA,2025-11-19T21:00:00+00:00,wallstreetbets,thread_P2_V1_information_seeking,fin_qwen_qwen3_5_2b_P2_V1_information_seeking_123_016,thread_P2_V1_information_seeking,7.14,"Honestly, I'm still waiting for the full Q4 guidance to see if they're sticking to the $57B revenue or if they're just hitting a ceiling. The after-hours dip on Blackwell is a bit scary though—does that mean they're cutting production costs to meet the new guidance, or is that just the market reacting to the mixed sentiment? Need to know the full Q4 numbers before I decide whether to add to my portfolio or sell some of the $2500 shares I bought last week.",0,0,sim_agent,bullish,P2_V1,V1_three_archetypes,information_seeking,info-seeking
NVDA_Q3FY26,NVDA,2025-11-19T21:00:00+00:00,wallstreetbets,thread_P2_V1_information_seeking,fin_qwen_qwen3_5_2b_P2_V1_information_seeking_123_017,thread_P2_V1_information_seeking,12.98,"Wait, 62% revenue growth? That's insane. Is everyone else seeing this too? I'm still looking at the guidance numbers for the next quarter to see if they're being conservative or just optimistic. Can't wait to see how the stock moves tomorrow.",0,1,sim_agent,bullish,P2_V1,V1_three_archetypes,information_seeking,info-seeking
NVDA_Q3FY26,NVDA,2025-11-19T21:00:00+00:00,wallstreetbets,thread_P2_V1_information_seeking,fin_qwen_qwen3_5_2b_P2_V1_information_seeking_123_018,thread_P2_V1_information_seeking,14.51,"So basically, they just told us the whole thing again? The revenue numbers are insane, but I'm not sure if the guidance bump to Q4 is a signal or just noise. I'm still waiting to see if the stock actually drops after the after-hours dip, because I'm terrified of missing out on the next move while I don't even know if this is the year we actually make money.",0,1,sim_agent,bearish,P2_V1,V1_three_archetypes,information_seeking,info-seeking
NVDA_Q3FY26,NVDA,2025-11-19T21:00:00+00:00,wallstreetbets,thread_P2_V1_information_seeking,fin_qwen_qwen3_5_2b_P2_V1_information_seeking_123_019,thread_P2_V1_information_seeking,0.0,"So basically, they just beat expectations again and now we're getting the next quarter's guidance? Is this the first time in a decade they're giving us a full year's forecast? I'm still waiting for the full year numbers, the Q4 guidance, and maybe even a full year revenue number before I can really say if this is a real turnaround or just a one-off lucky hit.",0,0,sim_agent,bullish,P2_V1,V1_three_archetypes,information_seeking,info-seeking
NVDA_Q3FY26,NVDA,2025-11-19T21:00:00+00:00,wallstreetbets,thread_P2_V1_information_seeking,fin_qwen_qwen3_5_2b_P2_V1_information_seeking_123_020,thread_P2_V1_information_seeking,4.98,"still waiting for the full report on the guidance numbers, and honestly, I'm just as confused as everyone else about how much they're actually going to spend on Blackwell. the after-hours dip was weird, but I'm not ready to commit until I see the Q4 guidance explicitly. is everyone else just panicking or is this a normal reaction to a beat?",0,0,sim_agent,bullish,P2_V1,V1_three_archetypes,information_seeking,info-seeking
NVDA_Q3FY26,NVDA,2025-11-19T21:00:00+00:00,wallstreetbets,thread_P2_V1_information_seeking,fin_qwen_qwen3_5_2b_P2_V1_information_seeking_123_021,thread_P2_V1_information_seeking,3.11,"I mean, they beat the numbers, which is great, but the after-hours drop is giving me the creeps. I'm not sure if this is just a one-time spike from the Blackwell ramp or if they're overhyped again. Do we get a full day of data before I can even say if I'm buying or selling?",0,2,sim_agent,bullish,P2_V1,V1_three_archetypes,information_seeking,info-seeking
NVDA_Q3FY26,NVDA,2025-11-19T21:00:00+00:00,wallstreetbets,thread_P2_V1_information_seeking,fin_qwen_qwen3_5_2b_P2_V1_information_seeking_123_022,thread_P2_V1_information_seeking,0.23,"just saw the Q3 report and honestly, I'm still trying to process this. 62% growth is insane, but why is the stock dropping after hours? Jensen said ""continued demand"" but I'm still waiting to see the full guidance for Q4. Anyone else think the valuation is too high for this kind of growth?",0,0,sim_agent,bullish,P2_V1,V1_three_archetypes,information_seeking,info-seeking
NVDA_Q3FY26,NVDA,2025-11-19T21:00:00+00:00,wallstreetbets,thread_P2_V1_information_seeking,fin_qwen_qwen3_5_2b_P2_V1_information_seeking_123_023,thread_P2_V1_information_seeking,12.81,"""still waiting for the full earnings call to see if they actually cut the guidance on the data center segment. hoping for a softer tone this quarter given the market volatility.",0,0,sim_agent,bullish,P2_V1,V1_three_archetypes,information_seeking,info-seeking
NVDA_Q3FY26,NVDA,2025-11-19T21:00:00+00:00,wallstreetbets,thread_P2_V1_information_seeking,fin_qwen_qwen3_5_2b_P2_V1_information_seeking_123_024,thread_P2_V1_information_seeking,6.7,"so that's a massive jump, but is it sustainable? the after-hours dip is still bothering me a bit. does this mean they're just printing money for the next quarter, or is the Blackwell ramp just a one-off? need to see the full consensus for the next earnings call to know if this is a real breakout or just a one-off spike.",0,1,sim_agent,bullish,P2_V1,V1_three_archetypes,information_seeking,info-seeking
NVDA_Q3FY26,NVDA,2025-11-19T21:00:00+00:00,wallstreetbets,thread_P2_V1_information_seeking,fin_qwen_qwen3_5_2b_P2_V1_information_seeking_123_025,thread_P2_V1_information_seeking,0.54,"Wait, is that Q3 FY2026? Or did they just do a forward-looking projection for next year? The numbers look good, but I need to see the full slide deck before I can even start talking about my portfolio.",0,1,sim_agent,bullish,P2_V1,V1_three_archetypes,information_seeking,info-seeking
NVDA_Q3FY26,NVDA,2025-11-19T21:00:00+00:00,wallstreetbets,thread_P2_V1_information_seeking,fin_qwen_qwen3_5_2b_P2_V1_information_seeking_123_026,thread_P2_V1_information_seeking,12.96,"Wait, really? 62% revenue? That's insane. I thought they were just grinding out the numbers. Did they actually ship the Blackwell GPUs? If the production ramp is real, this is a game changer for the AI cycle. But I'm not jumping on the hype yet, just curious if the valuation is still reasonable or if they're going to be the next target for a sell-off. Anyone else think the after-hours dip was just noise or was it a signal??",0,0,sim_agent,bearish,P2_V1,V1_three_archetypes,information_seeking,info-seeking
NVDA_Q3FY26,NVDA,2025-11-19T21:00:00+00:00,wallstreetbets,thread_P2_V1_information_seeking,fin_qwen_qwen3_5_2b_P2_V1_information_seeking_123_027,thread_P2_V1_information_seeking,20.96,so the numbers are actually beating expectations? the after-hours dip must have been some kind of red herring or just the market overreacting to the hype cycle. i'm still waiting for the full consensus and the analyst upgrades before I decide if I should add to my position or cut it.,0,0,sim_agent,neutral,P2_V1,V1_three_archetypes,information_seeking,info-seeking
NVDA_Q3FY26,NVDA,2025-11-19T21:00:00+00:00,wallstreetbets,thread_P2_V1_information_seeking,fin_qwen_qwen3_5_2b_P2_V1_information_seeking_123_028,thread_P2_V1_information_seeking,0.0,so basically they just told me they can make more money than I thought and now the stock is going up? did I miss a train? or is this just the beginning of a bull run? 🤔,0,0,sim_agent,neutral,P2_V1,V1_three_archetypes,information_seeking,info-seeking
NVDA_Q3FY26,NVDA,2025-11-19T21:00:00+00:00,wallstreetbets,thread_P2_V1_information_seeking,fin_qwen_qwen3_5_2b_P2_V1_information_seeking_123_029,thread_P2_V1_information_seeking,5.97,"Holy shit, $57B revenue? That's insane. I was hoping for a 10% bump but this feels like a direct hit. Blackwell is finally ramping up and the margin expansion is looking juicy. But damn, the after-hours dip was a bit scary for me. Still, if they keep pushing that AI narrative hard, I might be willing to take a shot on the dip. Anyone else watching this?",0,1,sim_agent,neutral,P2_V1,V1_three_archetypes,information_seeking,info-seeking
NVDA_Q3FY26,NVDA,2025-11-19T21:00:00+00:00,wallstreetbets,thread_P2_V1_information_seeking,fin_qwen_qwen3_5_2b_P2_V1_information_seeking_123_030,thread_P2_V1_information_seeking,0.0,"so much for the ""everything is fine"" narrative. 62% revenue growth is insane, but did they actually cut costs or just sell off cash? the after-hours dip looks like a panic sell by the market, not just a correction. i'm waiting to see if the guidance for Q4 actually holds up or if they're just talking themselves out of a bigger drop tomorrow.",0,0,sim_agent,bearish,P2_V1,V1_three_archetypes,information_seeking,info-seeking
NVDA_Q3FY26,NVDA,2025-11-19T21:00:00+00:00,wallstreetbets,thread_P2_V1_information_seeking,fin_qwen_qwen3_5_2b_P2_V1_information_seeking_123_031,thread_P2_V1_information_seeking,15.96,"Holy shit, $57B revenue? That's insane. Did they just double down on the FSD hype or is this the real deal? I'm just waiting to see if the AI hype actually holds or if they're just selling us on the Blackwell numbers before we even get to the full fiscal year.",0,0,sim_agent,bearish,P2_V1,V1_three_archetypes,information_seeking,info-seeking
NVDA_Q3FY26,NVDA,2025-11-19T21:00:00+00:00,wallstreetbets,thread_P2_V1_information_seeking,fin_qwen_qwen3_5_2b_P2_V1_information_seeking_123_032,thread_P2_V1_information_seeking,8.25,"Wait, really? 62% revenue and a beat on EPS? Did I miss the news? I thought they were down 15% in Q3. What is this?",0,2,sim_agent,neutral,P2_V1,V1_three_archetypes,information_seeking,info-seeking
NVDA_Q3FY26,NVDA,2025-11-19T21:00:00+00:00,wallstreetbets,thread_P2_V1_information_seeking,fin_qwen_qwen3_5_2b_P2_V1_information_seeking_123_033,thread_P2_V1_information_seeking,1.21,"Wait, 62% revenue? Did the AI boom just get a bigger check? Or is this just a one-time spike before the rubber meets the road? Did they beat on the margin too?",0,0,sim_agent,bullish,P2_V1,V1_three_archetypes,information_seeking,info-seeking
NVDA_Q3FY26,NVDA,2025-11-19T21:00:00+00:00,wallstreetbets,thread_P2_V1_information_seeking,fin_qwen_qwen3_5_2b_P2_V1_information_seeking_123_034,thread_P2_V1_information_seeking,3.81,"so good for the numbers, but did they really sell the hype on the stock price? usually the after-hours dip is just noise, but seeing it drop 15% immediately after the beat makes me nervous. i'm not sure if this is a buy or a trap for those who think it's all over yet.",0,1,sim_agent,bullish,P2_V1,V1_three_archetypes,information_seeking,info-seeking
NVDA_Q3FY26,NVDA,2025-11-19T21:00:00+00:00,wallstreetbets,thread_P2_V1_information_seeking,fin_qwen_qwen3_5_2b_P2_V1_information_seeking_123_035,thread_P2_V1_information_seeking,7.85,"so they beat expectations again? holy cow, is the market finally waking up? i'm still waiting for the full report to see if they're talking about Q4 guidance or just a fluke. can't wait for the next earnings call.",0,2,sim_agent,bullish,P2_V1,V1_three_archetypes,information_seeking,info-seeking
